[
    {
        "id": "2d52829ca5b22cfc",
        "type": "tab",
        "label": "Flujo 3",
        "disabled": false,
        "info": "",
        "env": []
    },
    {
        "id": "3cab0060f4d7861d",
        "type": "kafkajs-producer",
        "z": "2d52829ca5b22cfc",
        "name": "Publisher",
        "client": "db6e74e06b851241",
        "topic": "",
        "advancedoptions": false,
        "acknowledge": "all",
        "partition": "",
        "headeritems": {},
        "key": "",
        "responsetimeout": 30000,
        "transactiontimeout": 60000,
        "metadatamaxage": 300000,
        "allowautotopiccreation": false,
        "x": 480,
        "y": 120,
        "wires": []
    },
    {
        "id": "db6e74e06b851241",
        "type": "kafkajs-client",
        "name": "Kafka broker",
        "brokers": "172.17.0.1:29092",
        "clientid": "prueba",
        "connectiontimeout": "3000",
        "requesttimeout": "25000",
        "advancedretry": false,
        "maxretrytime": "30000",
        "initialretrytime": "300",
        "factor": "0.2",
        "multiplier": "2",
        "retries": "5",
        "auth": "none",
        "tlsselfsign": false,
        "tlscacert": "",
        "tlsclientcert": "",
        "tlsprivatekey": "",
        "tlspassphrase": "",
        "saslssl": true,
        "saslmechanism": "plain",
        "loglevel": "error"
    }
]